ID	IRI
NCIT:C14240	http://purl.obolibrary.org/obo/NCIT_C14240
NCIT:C179817	http://purl.obolibrary.org/obo/NCIT_C179817
NCIT:C201530	http://purl.obolibrary.org/obo/NCIT_C201530
NCIT:C25167	http://purl.obolibrary.org/obo/NCIT_C25167
NCIT:C25285	http://purl.obolibrary.org/obo/NCIT_C25285
NCIT:C25335	http://purl.obolibrary.org/obo/NCIT_C25335
NCIT:C25364	http://purl.obolibrary.org/obo/NCIT_C25364
NCIT:C25365	http://purl.obolibrary.org/obo/NCIT_C25365
NCIT:C32221	http://purl.obolibrary.org/obo/NCIT_C32221
NCIT:C43578	http://purl.obolibrary.org/obo/NCIT_C43578
NCIT:C44477	http://purl.obolibrary.org/obo/NCIT_C44477
NCIT:C44478	http://purl.obolibrary.org/obo/NCIT_C44478
NCIT:C48179	http://purl.obolibrary.org/obo/NCIT_C48179
NCIT:C54086	http://purl.obolibrary.org/obo/NCIT_C54086
NCIT:C54100	http://purl.obolibrary.org/obo/NCIT_C54100
NCIT:C54154	http://purl.obolibrary.org/obo/NCIT_C54154
NCIT:C63921	http://purl.obolibrary.org/obo/NCIT_C63921
NCIT:C69244	http://purl.obolibrary.org/obo/NCIT_C69244
NCIT:C85776	http://purl.obolibrary.org/obo/NCIT_C85776
NCIT:C85845	http://purl.obolibrary.org/obo/NCIT_C85845
NCIT:C88206	http://purl.obolibrary.org/obo/NCIT_C88206
NCIT:C90380	http://purl.obolibrary.org/obo/NCIT_C90380
NCIT:C91063	http://purl.obolibrary.org/obo/NCIT_C91063
NCIT:C93399	http://purl.obolibrary.org/obo/NCIT_C93399
UBERON:0000033	http://purl.obolibrary.org/obo/UBERON_0000033
UBERON:0000061	http://purl.obolibrary.org/obo/UBERON_0000061
UBERON:0001880	http://purl.obolibrary.org/obo/UBERON_0001880
UBERON:0001885	http://purl.obolibrary.org/obo/UBERON_0001885
UBERON:0002100	http://purl.obolibrary.org/obo/UBERON_0002100
UBERON:0002415	http://purl.obolibrary.org/obo/UBERON_0002415
UBERON:0003881	http://purl.obolibrary.org/obo/UBERON_0003881
UBERON:0003883	http://purl.obolibrary.org/obo/UBERON_0003883
obo:EMPTY_00000085	http://purl.obolibrary.org/obo/EMPTY_00000085
obo:EMPTY_00000090	http://purl.obolibrary.org/obo/EMPTY_00000090
obo:EMPTY_00000091	http://purl.obolibrary.org/obo/EMPTY_00000091
obo:EMPTY_00000092	http://purl.obolibrary.org/obo/EMPTY_00000092
obo:EMPTY_00000094	http://purl.obolibrary.org/obo/EMPTY_00000094
obo:EMPTY_00000100	http://purl.obolibrary.org/obo/EMPTY_00000100
obo:EMPTY_00000101	http://purl.obolibrary.org/obo/EMPTY_00000101
obo:EMPTY_00000102	http://purl.obolibrary.org/obo/EMPTY_00000102
obo:EMPTY_00000103	http://purl.obolibrary.org/obo/EMPTY_00000103
obo:EMPTY_00000104	http://purl.obolibrary.org/obo/EMPTY_00000104
obo:EMPTY_00000105	http://purl.obolibrary.org/obo/EMPTY_00000105
obo:EMPTY_00000106	http://purl.obolibrary.org/obo/EMPTY_00000106
obo:EMPTY_00000107	http://purl.obolibrary.org/obo/EMPTY_00000107
obo:EMPTY_00000108	http://purl.obolibrary.org/obo/EMPTY_00000108
obo:EMPTY_00000109	http://purl.obolibrary.org/obo/EMPTY_00000109
obo:EMPTY_00000110	http://purl.obolibrary.org/obo/EMPTY_00000110
obo:EMPTY_00000111	http://purl.obolibrary.org/obo/EMPTY_00000111
obo:EMPTY_00000112	http://purl.obolibrary.org/obo/EMPTY_00000112
obo:EMPTY_00000113	http://purl.obolibrary.org/obo/EMPTY_00000113
obo:EMPTY_00000114	http://purl.obolibrary.org/obo/EMPTY_00000114
obo:EMPTY_00000115	http://purl.obolibrary.org/obo/EMPTY_00000115
obo:EMPTY_00000116	http://purl.obolibrary.org/obo/EMPTY_00000116
obo:EMPTY_00000117	http://purl.obolibrary.org/obo/EMPTY_00000117
obo:EMPTY_00000118	http://purl.obolibrary.org/obo/EMPTY_00000118
obo:EMPTY_00000119	http://purl.obolibrary.org/obo/EMPTY_00000119
obo:EMPTY_00000120	http://purl.obolibrary.org/obo/EMPTY_00000120
obo:EMPTY_00000121	http://purl.obolibrary.org/obo/EMPTY_00000121
obo:EMPTY_00000122	http://purl.obolibrary.org/obo/EMPTY_00000122
obo:EMPTY_00000123	http://purl.obolibrary.org/obo/EMPTY_00000123
obo:EMPTY_00000124	http://purl.obolibrary.org/obo/EMPTY_00000124
obo:EMPTY_00000125	http://purl.obolibrary.org/obo/EMPTY_00000125
obo:EMPTY_00000126	http://purl.obolibrary.org/obo/EMPTY_00000126
obo:EMPTY_00000127	http://purl.obolibrary.org/obo/EMPTY_00000127
obo:EMPTY_00000128	http://purl.obolibrary.org/obo/EMPTY_00000128
obo:EMPTY_00000129	http://purl.obolibrary.org/obo/EMPTY_00000129
obo:EMPTY_00000130	http://purl.obolibrary.org/obo/EMPTY_00000130
obo:EMPTY_00000131	http://purl.obolibrary.org/obo/EMPTY_00000131
obo:EMPTY_00000132	http://purl.obolibrary.org/obo/EMPTY_00000132
obo:EMPTY_00000133	http://purl.obolibrary.org/obo/EMPTY_00000133
obo:EMPTY_00000134	http://purl.obolibrary.org/obo/EMPTY_00000134
obo:EMPTY_00000135	http://purl.obolibrary.org/obo/EMPTY_00000135
obo:EMPTY_00000136	http://purl.obolibrary.org/obo/EMPTY_00000136
obo:EMPTY_00000137	http://purl.obolibrary.org/obo/EMPTY_00000137
obo:EMPTY_00000138	http://purl.obolibrary.org/obo/EMPTY_00000138
obo:EMPTY_00000139	http://purl.obolibrary.org/obo/EMPTY_00000139
obo:EMPTY_00000140	http://purl.obolibrary.org/obo/EMPTY_00000140
obo:EMPTY_00000141	http://purl.obolibrary.org/obo/EMPTY_00000141
obo:EMPTY_00000142	http://purl.obolibrary.org/obo/EMPTY_00000142
obo:EMPTY_00000143	http://purl.obolibrary.org/obo/EMPTY_00000143
obo:EMPTY_00000144	http://purl.obolibrary.org/obo/EMPTY_00000144
obo:EMPTY_00000145	http://purl.obolibrary.org/obo/EMPTY_00000145
obo:EMPTY_00000146	http://purl.obolibrary.org/obo/EMPTY_00000146
obo:EMPTY_00000148	http://purl.obolibrary.org/obo/EMPTY_00000148
obo:EMPTY_00000149	http://purl.obolibrary.org/obo/EMPTY_00000149
obo:EMPTY_00000150	http://purl.obolibrary.org/obo/EMPTY_00000150
obo:EMPTY_00000151	http://purl.obolibrary.org/obo/EMPTY_00000151
obo:EMPTY_00000153	http://purl.obolibrary.org/obo/EMPTY_00000153
obo:EMPTY_00000154	http://purl.obolibrary.org/obo/EMPTY_00000154
obo:EMPTY_00000155	http://purl.obolibrary.org/obo/EMPTY_00000155
obo:EMPTY_00000156	http://purl.obolibrary.org/obo/EMPTY_00000156
obo:EMPTY_00000157	http://purl.obolibrary.org/obo/EMPTY_00000157
obo:EMPTY_00000158	http://purl.obolibrary.org/obo/EMPTY_00000158
obo:EMPTY_00000159	http://purl.obolibrary.org/obo/EMPTY_00000159
obo:EMPTY_00000160	http://purl.obolibrary.org/obo/EMPTY_00000160
obo:EMPTY_00000161	http://purl.obolibrary.org/obo/EMPTY_00000161
obo:EMPTY_00000162	http://purl.obolibrary.org/obo/EMPTY_00000162
obo:EMPTY_00000163	http://purl.obolibrary.org/obo/EMPTY_00000163
obo:EMPTY_00000164	http://purl.obolibrary.org/obo/EMPTY_00000164
obo:EMPTY_00000165	http://purl.obolibrary.org/obo/EMPTY_00000165
obo:EMPTY_00000167	http://purl.obolibrary.org/obo/EMPTY_00000167
obo:EMPTY_00000168	http://purl.obolibrary.org/obo/EMPTY_00000168
obo:EMPTY_00000169	http://purl.obolibrary.org/obo/EMPTY_00000169
obo:EMPTY_00000170	http://purl.obolibrary.org/obo/EMPTY_00000170
obo:EMPTY_00000171	http://purl.obolibrary.org/obo/EMPTY_00000171
obo:EMPTY_00000172	http://purl.obolibrary.org/obo/EMPTY_00000172
obo:EMPTY_00000173	http://purl.obolibrary.org/obo/EMPTY_00000173
obo:EMPTY_00000174	http://purl.obolibrary.org/obo/EMPTY_00000174
obo:EMPTY_00000175	http://purl.obolibrary.org/obo/EMPTY_00000175
obo:EMPTY_00000176	http://purl.obolibrary.org/obo/EMPTY_00000176
obo:EMPTY_00000177	http://purl.obolibrary.org/obo/EMPTY_00000177
obo:EMPTY_00000178	http://purl.obolibrary.org/obo/EMPTY_00000178
obo:EMPTY_00000179	http://purl.obolibrary.org/obo/EMPTY_00000179
obo:EMPTY_00000180	http://purl.obolibrary.org/obo/EMPTY_00000180
obo:EMPTY_00000181	http://purl.obolibrary.org/obo/EMPTY_00000181
obo:EMPTY_00000182	http://purl.obolibrary.org/obo/EMPTY_00000182
obo:EMPTY_00000183	http://purl.obolibrary.org/obo/EMPTY_00000183
obo:EMPTY_00000184	http://purl.obolibrary.org/obo/EMPTY_00000184
obo:EMPTY_00000185	http://purl.obolibrary.org/obo/EMPTY_00000185
obo:EMPTY_00000186	http://purl.obolibrary.org/obo/EMPTY_00000186
obo:EMPTY_00000187	http://purl.obolibrary.org/obo/EMPTY_00000187
obo:EMPTY_00000188	http://purl.obolibrary.org/obo/EMPTY_00000188
obo:EMPTY_00000189	http://purl.obolibrary.org/obo/EMPTY_00000189
obo:EMPTY_00000190	http://purl.obolibrary.org/obo/EMPTY_00000190
obo:EMPTY_00000191	http://purl.obolibrary.org/obo/EMPTY_00000191
obo:EMPTY_00000192	http://purl.obolibrary.org/obo/EMPTY_00000192
obo:EMPTY_00000193	http://purl.obolibrary.org/obo/EMPTY_00000193
obo:EMPTY_00000194	http://purl.obolibrary.org/obo/EMPTY_00000194
obo:EMPTY_00000195	http://purl.obolibrary.org/obo/EMPTY_00000195
obo:EMPTY_00000196	http://purl.obolibrary.org/obo/EMPTY_00000196
obo:EMPTY_00000197	http://purl.obolibrary.org/obo/EMPTY_00000197
obo:EMPTY_00000198	http://purl.obolibrary.org/obo/EMPTY_00000198
obo:EMPTY_00000199	http://purl.obolibrary.org/obo/EMPTY_00000199
obo:EMPTY_00000200	http://purl.obolibrary.org/obo/EMPTY_00000200
obo:EMPTY_00000201	http://purl.obolibrary.org/obo/EMPTY_00000201
obo:EMPTY_00000202	http://purl.obolibrary.org/obo/EMPTY_00000202
obo:EMPTY_00000203	http://purl.obolibrary.org/obo/EMPTY_00000203
obo:EMPTY_00000204	http://purl.obolibrary.org/obo/EMPTY_00000204
obo:EMPTY_00000205	http://purl.obolibrary.org/obo/EMPTY_00000205
obo:EMPTY_00000206	http://purl.obolibrary.org/obo/EMPTY_00000206
obo:EMPTY_00000207	http://purl.obolibrary.org/obo/EMPTY_00000207
obo:EMPTY_00000208	http://purl.obolibrary.org/obo/EMPTY_00000208
obo:EMPTY_00000209	http://purl.obolibrary.org/obo/EMPTY_00000209
obo:EMPTY_00000210	http://purl.obolibrary.org/obo/EMPTY_00000210
obo:EMPTY_00000211	http://purl.obolibrary.org/obo/EMPTY_00000211
obo:EMPTY_00000212	http://purl.obolibrary.org/obo/EMPTY_00000212
obo:EMPTY_00000213	http://purl.obolibrary.org/obo/EMPTY_00000213
obo:EMPTY_00000214	http://purl.obolibrary.org/obo/EMPTY_00000214
obo:EMPTY_00000215	http://purl.obolibrary.org/obo/EMPTY_00000215
obo:EMPTY_00000216	http://purl.obolibrary.org/obo/EMPTY_00000216
obo:EMPTY_00000217	http://purl.obolibrary.org/obo/EMPTY_00000217
obo:EMPTY_00000218	http://purl.obolibrary.org/obo/EMPTY_00000218
obo:EMPTY_00000219	http://purl.obolibrary.org/obo/EMPTY_00000219
obo:EMPTY_00000220	http://purl.obolibrary.org/obo/EMPTY_00000220
obo:EMPTY_00000221	http://purl.obolibrary.org/obo/EMPTY_00000221
obo:EMPTY_00000222	http://purl.obolibrary.org/obo/EMPTY_00000222
obo:EMPTY_00000223	http://purl.obolibrary.org/obo/EMPTY_00000223
obo:EMPTY_00000224	http://purl.obolibrary.org/obo/EMPTY_00000224
obo:EMPTY_00000225	http://purl.obolibrary.org/obo/EMPTY_00000225
obo:EMPTY_00000226	http://purl.obolibrary.org/obo/EMPTY_00000226
obo:EMPTY_00000227	http://purl.obolibrary.org/obo/EMPTY_00000227
obo:EMPTY_00000228	http://purl.obolibrary.org/obo/EMPTY_00000228
obo:EMPTY_00000229	http://purl.obolibrary.org/obo/EMPTY_00000229
obo:EMPTY_00000230	http://purl.obolibrary.org/obo/EMPTY_00000230
obo:EMPTY_00000231	http://purl.obolibrary.org/obo/EMPTY_00000231
obo:EMPTY_00000232	http://purl.obolibrary.org/obo/EMPTY_00000232
obo:EMPTY_00000233	http://purl.obolibrary.org/obo/EMPTY_00000233
obo:EMPTY_00000234	http://purl.obolibrary.org/obo/EMPTY_00000234
obo:EMPTY_00000235	http://purl.obolibrary.org/obo/EMPTY_00000235
obo:EMPTY_00000236	http://purl.obolibrary.org/obo/EMPTY_00000236
obo:EMPTY_00000237	http://purl.obolibrary.org/obo/EMPTY_00000237
obo:EMPTY_00000238	http://purl.obolibrary.org/obo/EMPTY_00000238
obo:EMPTY_00000239	http://purl.obolibrary.org/obo/EMPTY_00000239
obo:EMPTY_00000240	http://purl.obolibrary.org/obo/EMPTY_00000240
obo:EMPTY_00000241	http://purl.obolibrary.org/obo/EMPTY_00000241
obo:EMPTY_00000242	http://purl.obolibrary.org/obo/EMPTY_00000242
obo:EMPTY_00000243	http://purl.obolibrary.org/obo/EMPTY_00000243
obo:EMPTY_00000244	http://purl.obolibrary.org/obo/EMPTY_00000244
obo:EMPTY_00000245	http://purl.obolibrary.org/obo/EMPTY_00000245
obo:EMPTY_00000246	http://purl.obolibrary.org/obo/EMPTY_00000246
obo:EMPTY_00000247	http://purl.obolibrary.org/obo/EMPTY_00000247
obo:EMPTY_00000248	http://purl.obolibrary.org/obo/EMPTY_00000248
obo:EMPTY_00000249	http://purl.obolibrary.org/obo/EMPTY_00000249
obo:EMPTY_00000250	http://purl.obolibrary.org/obo/EMPTY_00000250
obo:EMPTY_00000251	http://purl.obolibrary.org/obo/EMPTY_00000251
obo:EMPTY_00000252	http://purl.obolibrary.org/obo/EMPTY_00000252
obo:EMPTY_00000253	http://purl.obolibrary.org/obo/EMPTY_00000253
obo:EMPTY_00000254	http://purl.obolibrary.org/obo/EMPTY_00000254
obo:EMPTY_00000255	http://purl.obolibrary.org/obo/EMPTY_00000255
obo:EMPTY_00000256	http://purl.obolibrary.org/obo/EMPTY_00000256
obo:EMPTY_00000257	http://purl.obolibrary.org/obo/EMPTY_00000257
obo:EMPTY_00000258	http://purl.obolibrary.org/obo/EMPTY_00000258
obo:EMPTY_00000259	http://purl.obolibrary.org/obo/EMPTY_00000259
obo:EMPTY_00000262	http://purl.obolibrary.org/obo/EMPTY_00000262
obo:EMPTY_00000267	http://purl.obolibrary.org/obo/EMPTY_00000267
obo:EMPTY_00000269	http://purl.obolibrary.org/obo/EMPTY_00000269
obo:EMPTY_00000270	http://purl.obolibrary.org/obo/EMPTY_00000270
obo:EMPTY_00000273	http://purl.obolibrary.org/obo/EMPTY_00000273
obo:EMPTY_00000274	http://purl.obolibrary.org/obo/EMPTY_00000274
obo:EMPTY_00000275	http://purl.obolibrary.org/obo/EMPTY_00000275
obo:EMPTY_00000276	http://purl.obolibrary.org/obo/EMPTY_00000276
obo:EMPTY_00000277	http://purl.obolibrary.org/obo/EMPTY_00000277
obo:EMPTY_00000278	http://purl.obolibrary.org/obo/EMPTY_00000278
obo:EMPTY_00000279	http://purl.obolibrary.org/obo/EMPTY_00000279
obo:EMPTY_00000280	http://purl.obolibrary.org/obo/EMPTY_00000280
obo:EMPTY_00000281	http://purl.obolibrary.org/obo/EMPTY_00000281
obo:EMPTY_00000282	http://purl.obolibrary.org/obo/EMPTY_00000282
obo:EMPTY_00000283	http://purl.obolibrary.org/obo/EMPTY_00000283
obo:EMPTY_00000284	http://purl.obolibrary.org/obo/EMPTY_00000284
obo:EMPTY_00000286	http://purl.obolibrary.org/obo/EMPTY_00000286
obo:EMPTY_00000287	http://purl.obolibrary.org/obo/EMPTY_00000287
obo:EMPTY_00000288	http://purl.obolibrary.org/obo/EMPTY_00000288
obo:EMPTY_00000289	http://purl.obolibrary.org/obo/EMPTY_00000289
obo:EMPTY_00000290	http://purl.obolibrary.org/obo/EMPTY_00000290
obo:EMPTY_00000291	http://purl.obolibrary.org/obo/EMPTY_00000291
obo:EMPTY_00000292	http://purl.obolibrary.org/obo/EMPTY_00000292
obo:EMPTY_00000293	http://purl.obolibrary.org/obo/EMPTY_00000293
obo:EMPTY_00000294	http://purl.obolibrary.org/obo/EMPTY_00000294
obo:EMPTY_00000295	http://purl.obolibrary.org/obo/EMPTY_00000295
obo:EMPTY_10000000	http://purl.obolibrary.org/obo/EMPTY_10000000
obo:EMPTY_10000001	http://purl.obolibrary.org/obo/EMPTY_10000001
obo:EMPTY_10000002	http://purl.obolibrary.org/obo/EMPTY_10000002
obo:EMPTY_10000003	http://purl.obolibrary.org/obo/EMPTY_10000003
obo:EMPTY_10000004	http://purl.obolibrary.org/obo/EMPTY_10000004
obo:EMPTY_10000005	http://purl.obolibrary.org/obo/EMPTY_10000005
obo:EMPTY_10000006	http://purl.obolibrary.org/obo/EMPTY_10000006
obo:EMPTY_10000007	http://purl.obolibrary.org/obo/EMPTY_10000007
obo:EMPTY_10000008	http://purl.obolibrary.org/obo/EMPTY_10000008
obo:EMPTY_10000009	http://purl.obolibrary.org/obo/EMPTY_10000009
obo:EMPTY_10000010	http://purl.obolibrary.org/obo/EMPTY_10000010
obo:EMPTY_10000011	http://purl.obolibrary.org/obo/EMPTY_10000011
obo:EMPTY_10000012	http://purl.obolibrary.org/obo/EMPTY_10000012
obo:EMPTY_10000013	http://purl.obolibrary.org/obo/EMPTY_10000013
obo:EMPTY_10000014	http://purl.obolibrary.org/obo/EMPTY_10000014
obo:EMPTY_10000015	http://purl.obolibrary.org/obo/EMPTY_10000015
obo:EMPTY_20000000	http://purl.obolibrary.org/obo/EMPTY_20000000
obo:EMPTY_20000001	http://purl.obolibrary.org/obo/EMPTY_20000001
obo:EMPTY_20000002	http://purl.obolibrary.org/obo/EMPTY_20000002
obo:EMPTY_20000003	http://purl.obolibrary.org/obo/EMPTY_20000003
obo:EMPTY_20000004	http://purl.obolibrary.org/obo/EMPTY_20000004
obo:EMPTY_20000005	http://purl.obolibrary.org/obo/EMPTY_20000005
obo:EMPTY_20000006	http://purl.obolibrary.org/obo/EMPTY_20000006
obo:EMPTY_20000007	http://purl.obolibrary.org/obo/EMPTY_20000007
obo:EMPTY_20000008	http://purl.obolibrary.org/obo/EMPTY_20000008
obo:EMPTY_30000000	http://purl.obolibrary.org/obo/EMPTY_30000000
obo:EMPTY_30000001	http://purl.obolibrary.org/obo/EMPTY_30000001
obo:EMPTY_30000002	http://purl.obolibrary.org/obo/EMPTY_30000002
obo:EMPTY_30000003	http://purl.obolibrary.org/obo/EMPTY_30000003
obo:EMPTY_30000004	http://purl.obolibrary.org/obo/EMPTY_30000004
obo:EMPTY_30000005	http://purl.obolibrary.org/obo/EMPTY_30000005
obo:EMPTY_30000006	http://purl.obolibrary.org/obo/EMPTY_30000006
obo:EMPTY_30000007	http://purl.obolibrary.org/obo/EMPTY_30000007
obo:EMPTY_30000008	http://purl.obolibrary.org/obo/EMPTY_30000008
obo:EMPTY_30000009	http://purl.obolibrary.org/obo/EMPTY_30000009
