Old IRI	New IRI
http://purl.obolibrary.org/obo/EMPTY_00000085	http://purl.obolibrary.org/obo/EMPTY_0000001
http://purl.obolibrary.org/obo/EMPTY_00000090	http://purl.obolibrary.org/obo/EMPTY_0000002
http://purl.obolibrary.org/obo/EMPTY_00000091	http://purl.obolibrary.org/obo/EMPTY_0000003
http://purl.obolibrary.org/obo/EMPTY_00000092	http://purl.obolibrary.org/obo/EMPTY_0000004
http://purl.obolibrary.org/obo/EMPTY_00000094	http://purl.obolibrary.org/obo/EMPTY_0000005
http://purl.obolibrary.org/obo/EMPTY_00000100	http://purl.obolibrary.org/obo/EMPTY_0000006
http://purl.obolibrary.org/obo/EMPTY_00000101	http://purl.obolibrary.org/obo/EMPTY_0000007
http://purl.obolibrary.org/obo/EMPTY_00000102	http://purl.obolibrary.org/obo/EMPTY_0000008
http://purl.obolibrary.org/obo/EMPTY_00000103	http://purl.obolibrary.org/obo/EMPTY_0000009
http://purl.obolibrary.org/obo/EMPTY_00000104	http://purl.obolibrary.org/obo/EMPTY_0000010
http://purl.obolibrary.org/obo/EMPTY_00000105	http://purl.obolibrary.org/obo/EMPTY_0000011
http://purl.obolibrary.org/obo/EMPTY_00000106	http://purl.obolibrary.org/obo/EMPTY_0000012
http://purl.obolibrary.org/obo/EMPTY_00000107	http://purl.obolibrary.org/obo/EMPTY_0000013
http://purl.obolibrary.org/obo/EMPTY_00000108	http://purl.obolibrary.org/obo/EMPTY_0000014
http://purl.obolibrary.org/obo/EMPTY_00000109	http://purl.obolibrary.org/obo/EMPTY_0000015
http://purl.obolibrary.org/obo/EMPTY_00000110	http://purl.obolibrary.org/obo/EMPTY_0000016
http://purl.obolibrary.org/obo/EMPTY_00000111	http://purl.obolibrary.org/obo/EMPTY_0000017
http://purl.obolibrary.org/obo/EMPTY_00000112	http://purl.obolibrary.org/obo/EMPTY_0000018
http://purl.obolibrary.org/obo/EMPTY_00000113	http://purl.obolibrary.org/obo/EMPTY_0000019
http://purl.obolibrary.org/obo/EMPTY_00000114	http://purl.obolibrary.org/obo/EMPTY_0000020
http://purl.obolibrary.org/obo/EMPTY_00000115	http://purl.obolibrary.org/obo/EMPTY_0000021
http://purl.obolibrary.org/obo/EMPTY_00000116	http://purl.obolibrary.org/obo/EMPTY_0000022
http://purl.obolibrary.org/obo/EMPTY_00000117	http://purl.obolibrary.org/obo/EMPTY_0000023
http://purl.obolibrary.org/obo/EMPTY_00000118	http://purl.obolibrary.org/obo/EMPTY_0000024
http://purl.obolibrary.org/obo/EMPTY_00000119	http://purl.obolibrary.org/obo/EMPTY_0000025
http://purl.obolibrary.org/obo/EMPTY_00000120	http://purl.obolibrary.org/obo/EMPTY_0000026
http://purl.obolibrary.org/obo/EMPTY_00000121	http://purl.obolibrary.org/obo/EMPTY_0000027
http://purl.obolibrary.org/obo/EMPTY_00000122	http://purl.obolibrary.org/obo/EMPTY_0000028
http://purl.obolibrary.org/obo/EMPTY_00000123	http://purl.obolibrary.org/obo/EMPTY_0000029
http://purl.obolibrary.org/obo/EMPTY_00000124	http://purl.obolibrary.org/obo/EMPTY_0000030
http://purl.obolibrary.org/obo/EMPTY_00000125	http://purl.obolibrary.org/obo/EMPTY_0000031
http://purl.obolibrary.org/obo/EMPTY_00000126	http://purl.obolibrary.org/obo/EMPTY_0000032
http://purl.obolibrary.org/obo/EMPTY_00000127	http://purl.obolibrary.org/obo/EMPTY_0000033
http://purl.obolibrary.org/obo/EMPTY_00000128	http://purl.obolibrary.org/obo/EMPTY_0000034
http://purl.obolibrary.org/obo/EMPTY_00000129	http://purl.obolibrary.org/obo/EMPTY_0000035
http://purl.obolibrary.org/obo/EMPTY_00000130	http://purl.obolibrary.org/obo/EMPTY_0000036
http://purl.obolibrary.org/obo/EMPTY_00000131	http://purl.obolibrary.org/obo/EMPTY_0000037
http://purl.obolibrary.org/obo/EMPTY_00000132	http://purl.obolibrary.org/obo/EMPTY_0000038
http://purl.obolibrary.org/obo/EMPTY_00000133	http://purl.obolibrary.org/obo/EMPTY_0000039
http://purl.obolibrary.org/obo/EMPTY_00000134	http://purl.obolibrary.org/obo/EMPTY_0000040
http://purl.obolibrary.org/obo/EMPTY_00000135	http://purl.obolibrary.org/obo/EMPTY_0000041
http://purl.obolibrary.org/obo/EMPTY_00000136	http://purl.obolibrary.org/obo/EMPTY_0000042
http://purl.obolibrary.org/obo/EMPTY_00000137	http://purl.obolibrary.org/obo/EMPTY_0000043
http://purl.obolibrary.org/obo/EMPTY_00000138	http://purl.obolibrary.org/obo/EMPTY_0000044
http://purl.obolibrary.org/obo/EMPTY_00000139	http://purl.obolibrary.org/obo/EMPTY_0000045
http://purl.obolibrary.org/obo/EMPTY_00000140	http://purl.obolibrary.org/obo/EMPTY_0000046
http://purl.obolibrary.org/obo/EMPTY_00000141	http://purl.obolibrary.org/obo/EMPTY_0000047
http://purl.obolibrary.org/obo/EMPTY_00000142	http://purl.obolibrary.org/obo/EMPTY_0000048
http://purl.obolibrary.org/obo/EMPTY_00000143	http://purl.obolibrary.org/obo/EMPTY_0000049
http://purl.obolibrary.org/obo/EMPTY_00000144	http://purl.obolibrary.org/obo/EMPTY_0000050
http://purl.obolibrary.org/obo/EMPTY_00000145	http://purl.obolibrary.org/obo/EMPTY_0000051
http://purl.obolibrary.org/obo/EMPTY_00000146	http://purl.obolibrary.org/obo/EMPTY_0000052
http://purl.obolibrary.org/obo/EMPTY_00000148	http://purl.obolibrary.org/obo/EMPTY_0000053
http://purl.obolibrary.org/obo/EMPTY_00000149	http://purl.obolibrary.org/obo/EMPTY_0000054
http://purl.obolibrary.org/obo/EMPTY_00000150	http://purl.obolibrary.org/obo/EMPTY_0000055
http://purl.obolibrary.org/obo/EMPTY_00000151	http://purl.obolibrary.org/obo/EMPTY_0000056
http://purl.obolibrary.org/obo/EMPTY_00000153	http://purl.obolibrary.org/obo/EMPTY_0000057
http://purl.obolibrary.org/obo/EMPTY_00000154	http://purl.obolibrary.org/obo/EMPTY_0000058
http://purl.obolibrary.org/obo/EMPTY_00000155	http://purl.obolibrary.org/obo/EMPTY_0000059
http://purl.obolibrary.org/obo/EMPTY_00000156	http://purl.obolibrary.org/obo/EMPTY_0000060
http://purl.obolibrary.org/obo/EMPTY_00000157	http://purl.obolibrary.org/obo/EMPTY_0000061
http://purl.obolibrary.org/obo/EMPTY_00000158	http://purl.obolibrary.org/obo/EMPTY_0000062
http://purl.obolibrary.org/obo/EMPTY_00000159	http://purl.obolibrary.org/obo/EMPTY_0000063
http://purl.obolibrary.org/obo/EMPTY_00000160	http://purl.obolibrary.org/obo/EMPTY_0000064
http://purl.obolibrary.org/obo/EMPTY_00000161	http://purl.obolibrary.org/obo/EMPTY_0000065
http://purl.obolibrary.org/obo/EMPTY_00000162	http://purl.obolibrary.org/obo/EMPTY_0000066
http://purl.obolibrary.org/obo/EMPTY_00000163	http://purl.obolibrary.org/obo/EMPTY_0000067
http://purl.obolibrary.org/obo/EMPTY_00000164	http://purl.obolibrary.org/obo/EMPTY_0000068
http://purl.obolibrary.org/obo/EMPTY_00000165	http://purl.obolibrary.org/obo/EMPTY_0000069
http://purl.obolibrary.org/obo/EMPTY_00000167	http://purl.obolibrary.org/obo/EMPTY_0000070
http://purl.obolibrary.org/obo/EMPTY_00000168	http://purl.obolibrary.org/obo/EMPTY_0000071
http://purl.obolibrary.org/obo/EMPTY_00000169	http://purl.obolibrary.org/obo/EMPTY_0000072
http://purl.obolibrary.org/obo/EMPTY_00000170	http://purl.obolibrary.org/obo/EMPTY_0000073
http://purl.obolibrary.org/obo/EMPTY_00000171	http://purl.obolibrary.org/obo/EMPTY_0000074
http://purl.obolibrary.org/obo/EMPTY_00000172	http://purl.obolibrary.org/obo/EMPTY_0000075
http://purl.obolibrary.org/obo/EMPTY_00000173	http://purl.obolibrary.org/obo/EMPTY_0000076
http://purl.obolibrary.org/obo/EMPTY_00000174	http://purl.obolibrary.org/obo/EMPTY_0000077
http://purl.obolibrary.org/obo/EMPTY_00000175	http://purl.obolibrary.org/obo/EMPTY_0000078
http://purl.obolibrary.org/obo/EMPTY_00000176	http://purl.obolibrary.org/obo/EMPTY_0000079
http://purl.obolibrary.org/obo/EMPTY_00000177	http://purl.obolibrary.org/obo/EMPTY_0000080
http://purl.obolibrary.org/obo/EMPTY_00000178	http://purl.obolibrary.org/obo/EMPTY_0000081
http://purl.obolibrary.org/obo/EMPTY_00000179	http://purl.obolibrary.org/obo/EMPTY_0000082
http://purl.obolibrary.org/obo/EMPTY_00000180	http://purl.obolibrary.org/obo/EMPTY_0000083
http://purl.obolibrary.org/obo/EMPTY_00000181	http://purl.obolibrary.org/obo/EMPTY_0000084
http://purl.obolibrary.org/obo/EMPTY_00000182	http://purl.obolibrary.org/obo/EMPTY_0000085
http://purl.obolibrary.org/obo/EMPTY_00000183	http://purl.obolibrary.org/obo/EMPTY_0000086
http://purl.obolibrary.org/obo/EMPTY_00000184	http://purl.obolibrary.org/obo/EMPTY_0000087
http://purl.obolibrary.org/obo/EMPTY_00000185	http://purl.obolibrary.org/obo/EMPTY_0000088
http://purl.obolibrary.org/obo/EMPTY_00000186	http://purl.obolibrary.org/obo/EMPTY_0000089
http://purl.obolibrary.org/obo/EMPTY_00000187	http://purl.obolibrary.org/obo/EMPTY_0000090
http://purl.obolibrary.org/obo/EMPTY_00000188	http://purl.obolibrary.org/obo/EMPTY_0000091
http://purl.obolibrary.org/obo/EMPTY_00000189	http://purl.obolibrary.org/obo/EMPTY_0000092
http://purl.obolibrary.org/obo/EMPTY_00000190	http://purl.obolibrary.org/obo/EMPTY_0000093
http://purl.obolibrary.org/obo/EMPTY_00000191	http://purl.obolibrary.org/obo/EMPTY_0000094
http://purl.obolibrary.org/obo/EMPTY_00000192	http://purl.obolibrary.org/obo/EMPTY_0000095
http://purl.obolibrary.org/obo/EMPTY_00000193	http://purl.obolibrary.org/obo/EMPTY_0000096
http://purl.obolibrary.org/obo/EMPTY_00000194	http://purl.obolibrary.org/obo/EMPTY_0000097
http://purl.obolibrary.org/obo/EMPTY_00000195	http://purl.obolibrary.org/obo/EMPTY_0000098
http://purl.obolibrary.org/obo/EMPTY_00000196	http://purl.obolibrary.org/obo/EMPTY_0000099
http://purl.obolibrary.org/obo/EMPTY_00000197	http://purl.obolibrary.org/obo/EMPTY_0000100
http://purl.obolibrary.org/obo/EMPTY_00000198	http://purl.obolibrary.org/obo/EMPTY_0000101
http://purl.obolibrary.org/obo/EMPTY_00000199	http://purl.obolibrary.org/obo/EMPTY_0000102
http://purl.obolibrary.org/obo/EMPTY_00000200	http://purl.obolibrary.org/obo/EMPTY_0000103
http://purl.obolibrary.org/obo/EMPTY_00000201	http://purl.obolibrary.org/obo/EMPTY_0000104
http://purl.obolibrary.org/obo/EMPTY_00000202	http://purl.obolibrary.org/obo/EMPTY_0000105
http://purl.obolibrary.org/obo/EMPTY_00000203	http://purl.obolibrary.org/obo/EMPTY_0000106
http://purl.obolibrary.org/obo/EMPTY_00000204	http://purl.obolibrary.org/obo/EMPTY_0000107
http://purl.obolibrary.org/obo/EMPTY_00000205	http://purl.obolibrary.org/obo/EMPTY_0000108
http://purl.obolibrary.org/obo/EMPTY_00000206	http://purl.obolibrary.org/obo/EMPTY_0000109
http://purl.obolibrary.org/obo/EMPTY_00000207	http://purl.obolibrary.org/obo/EMPTY_0000110
http://purl.obolibrary.org/obo/EMPTY_00000208	http://purl.obolibrary.org/obo/EMPTY_0000111
http://purl.obolibrary.org/obo/EMPTY_00000209	http://purl.obolibrary.org/obo/EMPTY_0000112
http://purl.obolibrary.org/obo/EMPTY_00000210	http://purl.obolibrary.org/obo/EMPTY_0000113
http://purl.obolibrary.org/obo/EMPTY_00000211	http://purl.obolibrary.org/obo/EMPTY_0000114
http://purl.obolibrary.org/obo/EMPTY_00000212	http://purl.obolibrary.org/obo/EMPTY_0000115
http://purl.obolibrary.org/obo/EMPTY_00000213	http://purl.obolibrary.org/obo/EMPTY_0000116
http://purl.obolibrary.org/obo/EMPTY_00000214	http://purl.obolibrary.org/obo/EMPTY_0000117
http://purl.obolibrary.org/obo/EMPTY_00000215	http://purl.obolibrary.org/obo/EMPTY_0000118
http://purl.obolibrary.org/obo/EMPTY_00000216	http://purl.obolibrary.org/obo/EMPTY_0000119
http://purl.obolibrary.org/obo/EMPTY_00000217	http://purl.obolibrary.org/obo/EMPTY_0000120
http://purl.obolibrary.org/obo/EMPTY_00000218	http://purl.obolibrary.org/obo/EMPTY_0000121
http://purl.obolibrary.org/obo/EMPTY_00000219	http://purl.obolibrary.org/obo/EMPTY_0000122
http://purl.obolibrary.org/obo/EMPTY_00000220	http://purl.obolibrary.org/obo/EMPTY_0000123
http://purl.obolibrary.org/obo/EMPTY_00000221	http://purl.obolibrary.org/obo/EMPTY_0000124
http://purl.obolibrary.org/obo/EMPTY_00000222	http://purl.obolibrary.org/obo/EMPTY_0000125
http://purl.obolibrary.org/obo/EMPTY_00000223	http://purl.obolibrary.org/obo/EMPTY_0000126
http://purl.obolibrary.org/obo/EMPTY_00000224	http://purl.obolibrary.org/obo/EMPTY_0000127
http://purl.obolibrary.org/obo/EMPTY_00000225	http://purl.obolibrary.org/obo/EMPTY_0000128
http://purl.obolibrary.org/obo/EMPTY_00000226	http://purl.obolibrary.org/obo/EMPTY_0000129
http://purl.obolibrary.org/obo/EMPTY_00000227	http://purl.obolibrary.org/obo/EMPTY_0000130
http://purl.obolibrary.org/obo/EMPTY_00000228	http://purl.obolibrary.org/obo/EMPTY_0000131
http://purl.obolibrary.org/obo/EMPTY_00000229	http://purl.obolibrary.org/obo/EMPTY_0000132
http://purl.obolibrary.org/obo/EMPTY_00000230	http://purl.obolibrary.org/obo/EMPTY_0000133
http://purl.obolibrary.org/obo/EMPTY_00000231	http://purl.obolibrary.org/obo/EMPTY_0000134
http://purl.obolibrary.org/obo/EMPTY_00000232	http://purl.obolibrary.org/obo/EMPTY_0000135
http://purl.obolibrary.org/obo/EMPTY_00000233	http://purl.obolibrary.org/obo/EMPTY_0000136
http://purl.obolibrary.org/obo/EMPTY_00000234	http://purl.obolibrary.org/obo/EMPTY_0000137
http://purl.obolibrary.org/obo/EMPTY_00000235	http://purl.obolibrary.org/obo/EMPTY_0000138
http://purl.obolibrary.org/obo/EMPTY_00000236	http://purl.obolibrary.org/obo/EMPTY_0000139
http://purl.obolibrary.org/obo/EMPTY_00000237	http://purl.obolibrary.org/obo/EMPTY_0000140
http://purl.obolibrary.org/obo/EMPTY_00000238	http://purl.obolibrary.org/obo/EMPTY_0000141
http://purl.obolibrary.org/obo/EMPTY_00000239	http://purl.obolibrary.org/obo/EMPTY_0000142
http://purl.obolibrary.org/obo/EMPTY_00000240	http://purl.obolibrary.org/obo/EMPTY_0000143
http://purl.obolibrary.org/obo/EMPTY_00000241	http://purl.obolibrary.org/obo/EMPTY_0000144
http://purl.obolibrary.org/obo/EMPTY_00000242	http://purl.obolibrary.org/obo/EMPTY_0000145
http://purl.obolibrary.org/obo/EMPTY_00000243	http://purl.obolibrary.org/obo/EMPTY_0000146
http://purl.obolibrary.org/obo/EMPTY_00000244	http://purl.obolibrary.org/obo/EMPTY_0000147
http://purl.obolibrary.org/obo/EMPTY_00000245	http://purl.obolibrary.org/obo/EMPTY_0000148
http://purl.obolibrary.org/obo/EMPTY_00000246	http://purl.obolibrary.org/obo/EMPTY_0000149
http://purl.obolibrary.org/obo/EMPTY_00000247	http://purl.obolibrary.org/obo/EMPTY_0000150
http://purl.obolibrary.org/obo/EMPTY_00000248	http://purl.obolibrary.org/obo/EMPTY_0000151
http://purl.obolibrary.org/obo/EMPTY_00000249	http://purl.obolibrary.org/obo/EMPTY_0000152
http://purl.obolibrary.org/obo/EMPTY_00000250	http://purl.obolibrary.org/obo/EMPTY_0000153
http://purl.obolibrary.org/obo/EMPTY_00000251	http://purl.obolibrary.org/obo/EMPTY_0000154
http://purl.obolibrary.org/obo/EMPTY_00000252	http://purl.obolibrary.org/obo/EMPTY_0000155
http://purl.obolibrary.org/obo/EMPTY_00000253	http://purl.obolibrary.org/obo/EMPTY_0000156
http://purl.obolibrary.org/obo/EMPTY_00000254	http://purl.obolibrary.org/obo/EMPTY_0000157
http://purl.obolibrary.org/obo/EMPTY_00000255	http://purl.obolibrary.org/obo/EMPTY_0000158
http://purl.obolibrary.org/obo/EMPTY_00000256	http://purl.obolibrary.org/obo/EMPTY_0000159
http://purl.obolibrary.org/obo/EMPTY_00000257	http://purl.obolibrary.org/obo/EMPTY_0000160
http://purl.obolibrary.org/obo/EMPTY_00000258	http://purl.obolibrary.org/obo/EMPTY_0000161
http://purl.obolibrary.org/obo/EMPTY_00000259	http://purl.obolibrary.org/obo/EMPTY_0000162
http://purl.obolibrary.org/obo/EMPTY_00000262	http://purl.obolibrary.org/obo/EMPTY_0000163
http://purl.obolibrary.org/obo/EMPTY_00000267	http://purl.obolibrary.org/obo/EMPTY_0000164
http://purl.obolibrary.org/obo/EMPTY_00000269	http://purl.obolibrary.org/obo/EMPTY_0000165
http://purl.obolibrary.org/obo/EMPTY_00000270	http://purl.obolibrary.org/obo/EMPTY_0000166
http://purl.obolibrary.org/obo/EMPTY_00000273	http://purl.obolibrary.org/obo/EMPTY_0000167
http://purl.obolibrary.org/obo/EMPTY_00000274	http://purl.obolibrary.org/obo/EMPTY_0000168
http://purl.obolibrary.org/obo/EMPTY_00000275	http://purl.obolibrary.org/obo/EMPTY_0000169
http://purl.obolibrary.org/obo/EMPTY_00000276	http://purl.obolibrary.org/obo/EMPTY_0000170
http://purl.obolibrary.org/obo/EMPTY_00000277	http://purl.obolibrary.org/obo/EMPTY_0000171
http://purl.obolibrary.org/obo/EMPTY_00000278	http://purl.obolibrary.org/obo/EMPTY_0000172
http://purl.obolibrary.org/obo/EMPTY_00000279	http://purl.obolibrary.org/obo/EMPTY_0000173
http://purl.obolibrary.org/obo/EMPTY_00000280	http://purl.obolibrary.org/obo/EMPTY_0000174
http://purl.obolibrary.org/obo/EMPTY_00000281	http://purl.obolibrary.org/obo/EMPTY_0000175
http://purl.obolibrary.org/obo/EMPTY_00000282	http://purl.obolibrary.org/obo/EMPTY_0000176
http://purl.obolibrary.org/obo/EMPTY_00000283	http://purl.obolibrary.org/obo/EMPTY_0000177
http://purl.obolibrary.org/obo/EMPTY_00000284	http://purl.obolibrary.org/obo/EMPTY_0000178
http://purl.obolibrary.org/obo/EMPTY_00000286	http://purl.obolibrary.org/obo/EMPTY_0000179
http://purl.obolibrary.org/obo/EMPTY_00000287	http://purl.obolibrary.org/obo/EMPTY_0000180
http://purl.obolibrary.org/obo/EMPTY_00000288	http://purl.obolibrary.org/obo/EMPTY_0000181
http://purl.obolibrary.org/obo/EMPTY_00000289	http://purl.obolibrary.org/obo/EMPTY_0000182
http://purl.obolibrary.org/obo/EMPTY_00000290	http://purl.obolibrary.org/obo/EMPTY_0000183
http://purl.obolibrary.org/obo/EMPTY_00000291	http://purl.obolibrary.org/obo/EMPTY_0000184
http://purl.obolibrary.org/obo/EMPTY_00000292	http://purl.obolibrary.org/obo/EMPTY_0000185
http://purl.obolibrary.org/obo/EMPTY_00000293	http://purl.obolibrary.org/obo/EMPTY_0000186
http://purl.obolibrary.org/obo/EMPTY_00000294	http://purl.obolibrary.org/obo/EMPTY_0000187
http://purl.obolibrary.org/obo/EMPTY_00000295	http://purl.obolibrary.org/obo/EMPTY_0000188
http://purl.obolibrary.org/obo/EMPTY_10000000	http://purl.obolibrary.org/obo/EMPTY_0000189
http://purl.obolibrary.org/obo/EMPTY_10000001	http://purl.obolibrary.org/obo/EMPTY_0000190
http://purl.obolibrary.org/obo/EMPTY_10000002	http://purl.obolibrary.org/obo/EMPTY_0000191
http://purl.obolibrary.org/obo/EMPTY_10000003	http://purl.obolibrary.org/obo/EMPTY_0000192
http://purl.obolibrary.org/obo/EMPTY_10000004	http://purl.obolibrary.org/obo/EMPTY_0000193
http://purl.obolibrary.org/obo/EMPTY_10000005	http://purl.obolibrary.org/obo/EMPTY_0000194
http://purl.obolibrary.org/obo/EMPTY_10000006	http://purl.obolibrary.org/obo/EMPTY_0000195
http://purl.obolibrary.org/obo/EMPTY_10000007	http://purl.obolibrary.org/obo/EMPTY_0000196
http://purl.obolibrary.org/obo/EMPTY_10000008	http://purl.obolibrary.org/obo/EMPTY_0000197
http://purl.obolibrary.org/obo/EMPTY_10000009	http://purl.obolibrary.org/obo/EMPTY_0000198
http://purl.obolibrary.org/obo/EMPTY_10000010	http://purl.obolibrary.org/obo/EMPTY_0000199
http://purl.obolibrary.org/obo/EMPTY_10000011	http://purl.obolibrary.org/obo/EMPTY_0000200
http://purl.obolibrary.org/obo/EMPTY_10000012	http://purl.obolibrary.org/obo/EMPTY_0000201
http://purl.obolibrary.org/obo/EMPTY_10000013	http://purl.obolibrary.org/obo/EMPTY_0000202
http://purl.obolibrary.org/obo/EMPTY_10000014	http://purl.obolibrary.org/obo/EMPTY_0000203
http://purl.obolibrary.org/obo/EMPTY_10000015	http://purl.obolibrary.org/obo/EMPTY_0000204
http://purl.obolibrary.org/obo/EMPTY_20000000	http://purl.obolibrary.org/obo/EMPTY_0000205
http://purl.obolibrary.org/obo/EMPTY_20000001	http://purl.obolibrary.org/obo/EMPTY_0000206
http://purl.obolibrary.org/obo/EMPTY_20000002	http://purl.obolibrary.org/obo/EMPTY_0000207
http://purl.obolibrary.org/obo/EMPTY_20000003	http://purl.obolibrary.org/obo/EMPTY_0000208
http://purl.obolibrary.org/obo/EMPTY_20000004	http://purl.obolibrary.org/obo/EMPTY_0000209
http://purl.obolibrary.org/obo/EMPTY_20000005	http://purl.obolibrary.org/obo/EMPTY_0000210
http://purl.obolibrary.org/obo/EMPTY_20000006	http://purl.obolibrary.org/obo/EMPTY_0000211
http://purl.obolibrary.org/obo/EMPTY_20000007	http://purl.obolibrary.org/obo/EMPTY_0000212
http://purl.obolibrary.org/obo/EMPTY_20000008	http://purl.obolibrary.org/obo/EMPTY_0000213
http://purl.obolibrary.org/obo/EMPTY_30000000	http://purl.obolibrary.org/obo/EMPTY_0000214
http://purl.obolibrary.org/obo/EMPTY_30000001	http://purl.obolibrary.org/obo/EMPTY_0000215
http://purl.obolibrary.org/obo/EMPTY_30000002	http://purl.obolibrary.org/obo/EMPTY_0000216
http://purl.obolibrary.org/obo/EMPTY_30000003	http://purl.obolibrary.org/obo/EMPTY_0000217
http://purl.obolibrary.org/obo/EMPTY_30000004	http://purl.obolibrary.org/obo/EMPTY_0000218
http://purl.obolibrary.org/obo/EMPTY_30000005	http://purl.obolibrary.org/obo/EMPTY_0000219
http://purl.obolibrary.org/obo/EMPTY_30000006	http://purl.obolibrary.org/obo/EMPTY_0000220
http://purl.obolibrary.org/obo/EMPTY_30000007	http://purl.obolibrary.org/obo/EMPTY_0000221
http://purl.obolibrary.org/obo/EMPTY_30000008	http://purl.obolibrary.org/obo/EMPTY_0000222
http://purl.obolibrary.org/obo/EMPTY_30000009	http://purl.obolibrary.org/obo/EMPTY_0000223
